#Release 12.1 - par M.53d (nt)
#Copyright (c) 1995-2010 Xilinx, Inc.  All rights reserved.

#Tue Nov 08 13:06:46 2011

#
## NOTE: This file is designed to be imported into a spreadsheet program
# such as Microsoft Excel for viewing, printing and sorting. The |
# character is used as the data field separator. This file is also designed
# to support parsing.
#
#INPUT FILE:       s6bf_board_top_map.ncd
#OUTPUT FILE:      s6bf_board_top_pad.csv
#PART TYPE:        xc6slx45t
#SPEED GRADE:      -2
#PACKAGE:          fgg484
#
# Pinout by Pin Number:
# 
# -----,-----,-----,-----,-----,-----,-----,-----,-----,-----,-----,-----,-----,-----,-----,
Pin Number,Signal Name,Pin Usage,Pin Name,Direction,IO Standard,IO Bank Number,Drive (mA),Slew Rate,Termination,IOB Delay,Voltage,Constraint,IO Register,Signal Integrity,
A1,,,GND,,,,,,,,,,,,
A2,,IOBS,IO_L3N_0,UNUSED,,0,,,,,,,,,
A3,,IOBS,IO_L5N_0,UNUSED,,0,,,,,,,,,
A4,,IOBS,IO_L6N_0,UNUSED,,0,,,,,,,,,
A5,,IOBS,IO_L8N_VREF_0,UNUSED,,0,,,,,,,,,
A6,pci_exp_txn,OPAD,MGTTXN0_101,OUTPUT,,,,,,,,LOCATED,NO,NONE,
A7,,,MGTAVTTTX_101,,,,,,,,,,,,
A8,,OPAD,MGTTXN1_101,UNUSED,,,,,,,,,,,
A9,,,GND,,,,,,,,,,,,
A10,sys_clk_p,IPAD,MGTREFCLK0P_101,INPUT,,,,,,NONE,,LOCATED,NO,NONE,
A11,,,GND,,,,,,,,,,,,
A12,GTPD1_P,IPAD,MGTREFCLK0P_123,INPUT,,,,,,NONE,,LOCATED,NO,NONE,
A13,,,GND,,,,,,,,,,,,
A14,op2p_TXN<0>,OPAD,MGTTXN0_123,OUTPUT,,,,,,,,LOCATED,NO,NONE,
A15,,,MGTAVTTTX_123,,,,,,,,,,,,
A16,op2p_TXN<1>,OPAD,MGTTXN1_123,OUTPUT,,,,,,,,LOCATED,NO,NONE,
A17,dsp_hostif_ce_n,IOB,IO_L50N_0,OUTPUT,LVCMOS33,0,12,,,,,LOCATED,NO,NONE,
A18,dsp_hostif_rd_n,IOB,IO_L63N_SCP6_0,OUTPUT,LVCMOS33,0,12,,,,,LOCATED,NO,NONE,
A19,x25m_clkout,IOB,IO_L64N_SCP4_0,OUTPUT,LVCMOS33,0,12,,,,,LOCATED,NO,NONE,
A20,dsp_flag_to_dsp<1>,IOB,IO_L65N_SCP2_0,OUTPUT,LVCMOS33,0,12,,,,,LOCATED,NO,NONE,
A21,,,TCK,,,,,,,,,,,,
A22,,,GND,,,,,,,,,,,,
AA1,,IOBS,IO_L10N_3,UNUSED,,3,,,,,,,,,
AA2,,IOBM,IO_L10P_3,UNUSED,,3,,,,,,,,,
AA3,ADC_OE,IOB,IO_L65N_CSO_B_2,OUTPUT,LVCMOS33,2,12,,,,,LOCATED,NO,NONE,
AA4,ADC_CLK_REFOUT_P,IOBM,IO_L63P_2,OUTPUT,LVDS_33,2,,,,,,LOCATED,NO,NONE,
AA5,,,GND,,,,,,,,,,,,
AA6,,IOBM,IO_L49P_D3_2,UNUSED,,2,,,,,,,,,
AA7,,,VCCO_2,,,2,,,,,3.30,,,,
AA8,ADC_DATA_IN_P<2>,IOB,IO_L45P_2,INPUT,LVDS_33,2,,,,NONE,,LOCATED,YES,DIFF_TERM,
AA9,,,GND,,,,,,,,,,,,
AA10,,IOBM,IO_L41P_2,UNUSED,,2,,,,,,,,,
AA11,,,VCCO_2,,,2,,,,,3.30,,,,
AA12,,IOBM,IO_L31P_GCLK31_D14_2,UNUSED,,2,,,,,,,,,
AA13,,,GND,,,,,,,,,,,,
AA14,,IOBM,IO_L6P_2,UNUSED,,2,,,,,,,,,
AA15,,,VCCO_2,,,2,,,,,3.30,,,,
AA16,,IOBM,IO_L19P_2,UNUSED,,2,,,,,,,,,
AA17,,,GND,,,,,,,,,,,,
AA18,PGA_DATA_out<3>,IOB,IO_L14P_D11_2,OUTPUT,LVCMOS33,2,12,,,,,LOCATED,NO,NONE,
AA19,,,VCCO_2,,,2,,,,,3.30,,,,
AA20,,IOBM,IO_L3P_D0_DIN_MISO_MISO1_2,UNUSED,,2,,,,,,,,,
AA21,,IOBS,IO_L1N_M0_CMPMISO_2,UNUSED,,2,,,,,,,,,
AA22,,,SUSPEND,,,,,,,,,,,,
AB1,,,GND,,,,,,,,,,,,
AB2,,,PROGRAM_B_2,,,,,,,,,,,,
AB3,,,VCCO_2,,,2,,,,,3.30,,,,
AB4,ADC_CLK_REFOUT_N,IOBS,IO_L63N_2,,LVDS_33,2,,,,,,LOCATED,NO,,
AB5,,IOBS,IO_L62N_D6_2,UNUSED,,2,,,,,,,,,
AB6,,IOBS,IO_L49N_D4_2,UNUSED,,2,,,,,,,,,
AB7,ADC_DATA_IN_N<3>,IOB,IO_L47N_2,,LVDS_33,2,,,,,,LOCATED,NO,DIFF_TERM,
AB8,ADC_DATA_IN_N<2>,IOB,IO_L45N_2,,LVDS_33,2,,,,,,LOCATED,NO,DIFF_TERM,
AB9,led0,IOB,IO_L43N_2,OUTPUT,LVCMOS33,2,16,,,,,LOCATED,NO,NONE,
AB10,,IOBS,IO_L41N_VREF_2,UNUSED,,2,,,,,,,,,
AB11,ADC_CLK_IN_N,IOB,IO_L32N_GCLK28_2,,LVDS_33,2,,,,,,LOCATED,NO,DIFF_TERM,
AB12,led1,IOB,IO_L31N_GCLK30_D15_2,OUTPUT,LVCMOS33,2,16,,,,,LOCATED,NO,NONE,
AB13,led2,IOB,IO_L30N_GCLK0_USERCCLK_2,OUTPUT,LVCMOS33,2,16,,,,,LOCATED,NO,NONE,
AB14,ADC_RESET,IOB,IO_L6N_2,OUTPUT,LVCMOS33,2,12,,,,,LOCATED,NO,NONE,
AB15,led3,IOB,IO_L21N_2,OUTPUT,LVCMOS33,2,16,,,,,LOCATED,NO,NONE,
AB16,PGA_STROBE,IOB,IO_L19N_2,OUTPUT,LVCMOS33,2,12,,,,,LOCATED,NO,NONE,
AB17,PGA_DATA_out<0>,IOB,IO_L15N_2,OUTPUT,LVCMOS33,2,12,,,,,LOCATED,NO,NONE,
AB18,PGA_DATA_out<4>,IOB,IO_L14N_D12_2,OUTPUT,LVCMOS33,2,12,,,,,LOCATED,NO,NONE,
AB19,PGA_DATA_out<5>,IOB,IO_L13N_D10_2,OUTPUT,LVCMOS33,2,12,,,,,LOCATED,NO,NONE,
AB20,,IOBS,IO_L3N_MOSI_CSI_B_MISO0_2,UNUSED,,2,,,,,,,,,
AB21,,,DONE_2,,,,,,,,,,,,
AB22,,,GND,,,,,,,,,,,,
B1,,IOBS,IO_L83N_VREF_3,VREF Required,,3,,,,,0.90,,,,
B2,dsp_hostif_data<7>,IOB,IO_L3P_0,TRISTATE,LVCMOS33,0,12,,,,,LOCATED,NO,NONE,
B3,dsp_hostif_data<6>,IOB,IO_L5P_0,TRISTATE,LVCMOS33,0,12,,,,,LOCATED,NO,NONE,
B4,,,VCCO_0,,,0,,,,,3.30,,,,
B5,,,GND,,,,,,,,,,,,
B6,pci_exp_txp,OPAD,MGTTXP0_101,OUTPUT,,,,,,,,LOCATED,NO,NONE,
B7,,,GND,,,,,,,,,,,,
B8,,OPAD,MGTTXP1_101,UNUSED,,,,,,,,,,,
B9,,,MGTAVCCPLL0_101,,,,,,,,,,,,
B10,sys_clk_n,IPAD,MGTREFCLK0N_101,INPUT,,,,,,NONE,,LOCATED,NO,NONE,
B11,,,GND,,,,,,,,,,,,
B12,GTPD1_N,IPAD,MGTREFCLK0N_123,INPUT,,,,,,NONE,,LOCATED,NO,NONE,
B13,,,MGTAVCCPLL0_123,,,,,,,,,,,,
B14,op2p_TXP<0>,OPAD,MGTTXP0_123,OUTPUT,,,,,,,,LOCATED,NO,NONE,
B15,,,GND,,,,,,,,,,,,
B16,op2p_TXP<1>,OPAD,MGTTXP1_123,OUTPUT,,,,,,,,LOCATED,NO,NONE,
B17,,,GND,,,,,,,,,,,,
B18,dsp_hostif_wr_n,IOB,IO_L63P_SCP7_0,OUTPUT,LVCMOS33,0,12,,,,,LOCATED,NO,NONE,
B19,,,VCCO_0,,,0,,,,,3.30,,,,
B20,dsp_flag_to_dsp<0>,IOB,IO_L65P_SCP3_0,OUTPUT,LVCMOS33,0,12,,,,,LOCATED,NO,NONE,
B21,dsp_flag_from_dsp<1>,IOB,IO_L10P_1,INPUT,LVCMOS33,1,,,,NONE,,LOCATED,NO,NONE,
B22,dsp_refclk,IOB,IO_L10N_1,OUTPUT,LVCMOS33,1,12,,PULLDOWN,,,LOCATED,NO,NONE,
C1,,IOBM,IO_L83P_3,UNUSED,,3,,,,,,,,,
C2,,,VCCO_3,,,3,,,,,1.80,,,,
C3,dsp_hostif_data<5>,IOB,IO_L1P_HSWAPEN_0,TRISTATE,LVCMOS33,0,12,,,,,LOCATED,NO,NONE,
C4,dsp_hostif_data<3>,IOB,IO_L6P_0,TRISTATE,LVCMOS33,0,12,,,,,LOCATED,NO,NONE,
C5,dsp_hostif_data<1>,IOB,IO_L8P_0,TRISTATE,LVCMOS33,0,12,,,,,LOCATED,NO,NONE,
C6,,,GND,,,,,,,,,,,,
C7,pci_exp_rxn,IPAD,MGTRXN0_101,INPUT,,,,,,NONE,,LOCATED,NO,NONE,
C8,,,GND,,,,,,,,,,,,
C9,,IPAD,MGTRXN1_101,UNUSED,,,,,,,,,,,
C10,,,MGTAVCC_101,,,,,,,,,,,,
C11,,IPAD,MGTREFCLK1P_101,UNUSED,,,,,,,,,,,
C12,,,GND,,,,,,,,,,,,
C13,op2p_RXN<0>,IPAD,MGTRXN0_123,INPUT,,,,,,NONE,,LOCATED,NO,NONE,
C14,,,GND,,,,,,,,,,,,
C15,op2p_RXN<1>,IPAD,MGTRXN1_123,INPUT,,,,,,NONE,,LOCATED,NO,NONE,
C16,,,GND,,,,,,,,,,,,
C17,,IOBM,IO_L50P_0,UNUSED,,0,,,,,,,,,
C18,dsp_hostif_ack,IOB,IO_L66N_SCP0_0,INPUT,LVCMOS33,0,,,,NONE,,LOCATED,NO,NONE,
C19,dsp_uart_tx,IOB,IO_L64P_SCP5_0,TRISTATE,LVCMOS33,0,12,,,,,LOCATED,NO,NONE,
C20,dsp_flag_from_dsp<0>,IOB,IO_L20P_1,INPUT,LVCMOS33,1,,,,NONE,,LOCATED,NO,NONE,
C21,,,VCCO_1,,,1,,,,,3.30,,,,
C22,dsp_interrupt,IOB,IO_L20N_1,OUTPUT,LVCMOS33,1,12,,,,,LOCATED,NO,NONE,
D1,,IOBS,IO_L59N_3,UNUSED,,3,,,,,,,,,
D2,,IOBM,IO_L59P_3,UNUSED,,3,,,,,,,,,
D3,dsp_hostif_data<4>,IOB,IO_L1N_VREF_0,TRISTATE,LVCMOS33,0,12,,,,,LOCATED,NO,NONE,
D4,dsp_hostif_data<2>,IOB,IO_L2P_0,TRISTATE,LVCMOS33,0,12,,,,,LOCATED,NO,NONE,
D5,dsp_hostif_data<0>,IOB,IO_L2N_0,TRISTATE,LVCMOS33,0,12,,,,,LOCATED,NO,NONE,
D6,,,GND,,,,,,,,,,,,
D7,pci_exp_rxp,IPAD,MGTRXP0_101,INPUT,,,,,,NONE,,LOCATED,NO,NONE,
D8,,,MGTAVTTRX_101,,,,,,,,,,,,
D9,,IPAD,MGTRXP1_101,UNUSED,,,,,,,,,,,
D10,,,GND,,,,,,,,,,,,
D11,,IPAD,MGTREFCLK1N_101,UNUSED,,,,,,,,,,,
D12,,,MGTAVCCPLL1_101,,,,,,,,,,,,
D13,op2p_RXP<0>,IPAD,MGTRXP0_123,INPUT,,,,,,NONE,,LOCATED,NO,NONE,
D14,,,MGTAVTTRX_123,,,,,,,,,,,,
D15,op2p_RXP<1>,IPAD,MGTRXP1_123,INPUT,,,,,,NONE,,LOCATED,NO,NONE,
D16,,,GND,,,,,,,,,,,,
D17,,IOBM,IO_L66P_SCP1_0,UNUSED,,0,,,,,,,,,
D18,,IOBM,IO_L62P_0,UNUSED,,0,,,,,,,,,
D19,dsp_uart_rx,IOB,IO_L62N_VREF_0,INPUT,LVCMOS33,0,,,,NONE,,LOCATED,NO,NONE,
D20,,,TMS,,,,,,,,,,,,
D21,dsp_data<6>,IOB,IO_L28P_1,BIDIR,LVCMOS33,1,12,,,NONE,,LOCATED,YES,NONE,
D22,dsp_data<14>,IOB,IO_L28N_VREF_1,BIDIR,LVCMOS33,1,12,,,NONE,,LOCATED,YES,NONE,
E1,mcb3_dram_a<11>,IOB,IO_L54N_M3A11_3,TRISTATE,SSTL18_II,3,,,,,,LOCATED,NO,NONE,
E2,,,GND,,,,,,,,,,,,
E3,,IOBM,IO_L54P_M3RESET_3,UNUSED,,3,,,,,,,,,
E4,,IOBS,IO_L60N_3,UNUSED,,3,,,,,,,,,
E5,dsp_hostif_addr<1>,IOB,IO_L4P_0,OUTPUT,LVCMOS33,0,12,,,,,LOCATED,NO,NONE,
E6,dsp_hostif_addr<0>,IOB,IO_L4N_0,OUTPUT,LVCMOS33,0,12,,,,,LOCATED,NO,NONE,
E7,,,GND,,,,,,,,,,,,
E8,,,MGTAVTTRCAL_101,,,,,,,,,,,,
E9,,,MGTRREF_101,,,,,,,,,,,,
E10,,,MGTAVCC_123,,,,,,,,,,,,
E11,,,GND,,,,,,,,,,,,
E12,,IPAD,MGTREFCLK1P_123,UNUSED,,,,,,,,,,,
E13,,,MGTAVCCPLL1_123,,,,,,,,,,,,
E14,,,GND,,,,,,,,,,,,
E15,,,GND,,,,,,,,,,,,
E16,x25m_clkin_pin,IOB,IO_L37P_GCLK13_0,INPUT,LVCMOS33,0,,,,NONE,,LOCATED,NO,NONE,
E17,,,VCCO_0,,,0,,,,,3.30,,,,
E18,,,TDI,,,,,,,,,,,,
E19,,,VCCO_1,,,1,,,,,3.30,,,,
E20,dsp_data<13>,IOB,IO_L32P_A17_M1A8_1,BIDIR,LVCMOS33,1,12,,,NONE,,LOCATED,YES,NONE,
E21,,,GND,,,,,,,,,,,,
E22,dsp_data<15>,IOB,IO_L32N_A16_M1A9_1,BIDIR,LVCMOS33,1,12,,,NONE,,LOCATED,YES,NONE,
F1,mcb3_dram_a<12>,IOB,IO_L53N_M3A12_3,TRISTATE,SSTL18_II,3,,,,,,LOCATED,NO,NONE,
F2,mcb3_dram_cke,IOB,IO_L53P_M3CKE_3,TRISTATE,SSTL18_II,3,,,,,,LOCATED,NO,NONE,
F3,,IOBM,IO_L60P_3,UNUSED,,3,,,,,,,,,
F4,,,VCCO_3,,,3,,,,,1.80,,,,
F5,,IOBM,IO_L82P_3,UNUSED,,3,,,,,,,,,
F6,,,VCCO_0,,,0,,,,,3.30,,,,
F7,,IOBM,IO_L7P_0,UNUSED,,0,,,,,,,,,
F8,,IOBS,IO_L7N_0,UNUSED,,0,,,,,,,,,
F9,,IOBS,IO_L32N_0,UNUSED,,0,,,,,,,,,
F10,sys_reset_n,IOB,IO_L34N_GCLK18_0,OUTPUT,LVCMOS33,0,12,,,,,LOCATED,NO,NONE,
F11,,,VCCAUX,,,,,,,,2.5,,,,
F12,,IPAD,MGTREFCLK1N_123,UNUSED,,,,,,,,,,,
F13,,,GND,,,,,,,,,,,,
F14,,IOBM,IO_L36P_GCLK15_0,UNUSED,,0,,,,,,,,,
F15,,IOBS,IO_L36N_GCLK14_0,UNUSED,,0,,,,,,,,,
F16,,IOBS,IO_L37N_GCLK12_0,UNUSED,,0,,,,,,,,,
F17,,IOBS,IO_L51N_0,UNUSED,,0,,,,,,,,,
F18,dsp_abe_n<0>,IOB,IO_L1P_A25_1,INPUT,LVCMOS33,1,,,,NONE,,LOCATED,NO,NONE,
F19,dsp_abe_n<1>,IOB,IO_L1N_A24_VREF_1,INPUT,LVCMOS33,1,,,,NONE,,LOCATED,NO,NONE,
F20,dsp_data<12>,IOB,IO_L29N_A22_M1A14_1,BIDIR,LVCMOS33,1,12,,,NONE,,LOCATED,YES,NONE,
F21,dsp_data<11>,IOB,IO_L31P_A19_M1CKE_1,BIDIR,LVCMOS33,1,12,,,NONE,,LOCATED,YES,NONE,
F22,dsp_data<10>,IOB,IO_L31N_A18_M1A12_1,BIDIR,LVCMOS33,1,12,,,NONE,,LOCATED,YES,NONE,
G1,mcb3_dram_a<9>,IOB,IO_L52N_M3A9_3,TRISTATE,SSTL18_II,3,,,,,,LOCATED,NO,NONE,
G2,,,VCCO_3,,,3,,,,,1.80,,,,
G3,mcb3_dram_a<8>,IOB,IO_L52P_M3A8_3,TRISTATE,SSTL18_II,3,,,,,,LOCATED,NO,NONE,
G4,,IOBS,IO_L58N_3,UNUSED,,3,,,,,,,,,
G5,,,GND,,,,,,,,,,,,
G6,,IOBS,IO_L82N_3,UNUSED,,3,,,,,,,,,
G7,,IOBS,IO_L80N_3,UNUSED,,3,,,,,,,,,
G8,,IOBM,IO_L32P_0,UNUSED,,0,,,,,,,,,
G9,,IOBM,IO_L34P_GCLK19_0,UNUSED,,0,,,,,,,,,
G10,,,VCCO_0,,,0,,,,,3.30,,,,
G11,,IOBS,IO_L35N_GCLK16_0,UNUSED,,0,,,,,,,,,
G12,,,VCCAUX,,,,,,,,2.5,,,,
G13,,IOBS,IO_L38N_VREF_0,UNUSED,,0,,,,,,,,,
G14,,,VCCO_0,,,0,,,,,3.30,,,,
G15,,IOBS,IO_L49N_0,UNUSED,,0,,,,,,,,,
G16,,IOBM,IO_L51P_0,UNUSED,,0,,,,,,,,,
G17,,,TDO,,,,,,,,,,,,
G18,,,GND,,,,,,,,,,,,
G19,dsp_data<9>,IOB,IO_L29P_A23_M1A13_1,BIDIR,LVCMOS33,1,12,,,NONE,,LOCATED,YES,NONE,
G20,dsp_data<8>,IOB,IO_L35P_A11_M1A7_1,BIDIR,LVCMOS33,1,12,,,NONE,,LOCATED,YES,NONE,
G21,,,VCCO_1,,,1,,,,,3.30,,,,
G22,dsp_data<7>,IOB,IO_L35N_A10_M1A2_1,BIDIR,LVCMOS33,1,12,,,NONE,,LOCATED,YES,NONE,
H1,,IOBS,IO_L50N_M3BA2_3,UNUSED,,3,,,,,,,,,
H2,mcb3_dram_we_n,IOB,IO_L50P_M3WE_3,TRISTATE,SSTL18_II,3,,,,,,LOCATED,NO,NONE,
H3,mcb3_dram_a<4>,IOB,IO_L51N_M3A4_3,TRISTATE,SSTL18_II,3,,,,,,LOCATED,NO,NONE,
H4,,IOBM,IO_L58P_3,UNUSED,,3,,,,,,,,,
H5,,IOBS,IO_L55N_M3A14_3,UNUSED,,3,,,,,,,,,
H6,,IOBM,IO_L80P_3,UNUSED,,3,,,,,,,,,
H7,,,GND,,,,,,,,,,,,
H8,,IOBS,IO_L81N_3,UNUSED,,3,,,,,,,,,
H9,,,VCCAUX,,,,,,,,2.5,,,,
H10,op2p_refclkset_od0,IOB,IO_L33P_0,OUTPUT,LVCMOS33,0,12,,,,,LOCATED,NO,NONE,
H11,op2p_refclkset_od1,IOB,IO_L33N_0,OUTPUT,LVCMOS33,0,12,,,,,LOCATED,NO,NONE,
H12,op2p_refclkset_od2,IOB,IO_L35P_GCLK17_0,OUTPUT,LVCMOS33,0,12,,,,,LOCATED,NO,NONE,
H13,op2p_refclkset_pr0,IOB,IO_L38P_0,OUTPUT,LVCMOS33,0,12,,,,,LOCATED,NO,NONE,
H14,op2p_refclkset_pr1,IOB,IO_L49P_0,OUTPUT,LVCMOS33,0,12,,,,,LOCATED,NO,NONE,
H15,,,VCCAUX,,,,,,,,2.5,,,,
H16,,IOBM,IO_L9P_1,UNUSED,,1,,,,,,,,,
H17,dsp_ardy,IOB,IO_L9N_1,OUTPUT,LVCMOS33,1,12,,,,,LOCATED,NO,NONE,
H18,dsp_data<5>,IOB,IO_L30P_A21_M1RESET_1,BIDIR,LVCMOS33,1,12,,,NONE,,LOCATED,YES,NONE,
H19,dsp_data<4>,IOB,IO_L30N_A20_M1A11_1,BIDIR,LVCMOS33,1,12,,,NONE,,LOCATED,YES,NONE,
H20,dsp_data<3>,IOB,IO_L33N_A14_M1A4_1,BIDIR,LVCMOS33,1,12,,,NONE,,LOCATED,YES,NONE,
H21,dsp_ams_n<2>,IOB,IO_L37P_A7_M1A0_1,INPUT,LVCMOS33,1,,,PULLUP,NONE,,LOCATED,NO,NONE,
H22,dsp_ams_n<0>,IOB,IO_L37N_A6_M1A1_1,INPUT,LVCMOS33,1,,,PULLUP,NONE,,LOCATED,NO,NONE,
J1,mcb3_dram_ba<1>,IOB,IO_L48N_M3BA1_3,TRISTATE,SSTL18_II,3,,,,,,LOCATED,NO,NONE,
J2,,,GND,,,,,,,,,,,,
J3,mcb3_dram_ba<0>,IOB,IO_L48P_M3BA0_3,TRISTATE,SSTL18_II,3,,,,,,LOCATED,NO,NONE,
J4,mcb3_dram_a<10>,IOB,IO_L51P_M3A10_3,TRISTATE,SSTL18_II,3,,,,,,LOCATED,NO,NONE,
J5,,,VCCO_3,,,3,,,,,1.80,,,,
J6,,IOBM,IO_L55P_M3A13_3,UNUSED,,3,,,,,,,,,
J7,,IOBM,IO_L81P_3,UNUSED,,3,,,,,,,,,
J8,,,VCCINT,,,,,,,,1.2,,,,
J9,,,GND,,,,,,,,,,,,
J10,,,VCCINT,,,,,,,,1.2,,,,
J11,,,GND,,,,,,,,,,,,
J12,,,VCCINT,,,,,,,,1.2,,,,
J13,,,GND,,,,,,,,,,,,
J14,,,VCCINT,,,,,,,,1.2,,,,
J15,,,GND,,,,,,,,,,,,
J16,,IOBM,IO_L19P_1,UNUSED,,1,,,,,,,,,
J17,dsp_awe_n,IOB,IO_L19N_1,INPUT,LVCMOS33,1,,,,NONE,,LOCATED,NO,NONE,
J18,,,VCCO_1,,,1,,,,,3.30,,,,
J19,dsp_are_n,IOB,IO_L33P_A15_M1A10_1,INPUT,LVCMOS33,1,,,,NONE,,LOCATED,NO,NONE,
J20,dsp_nmi_n,IOB,IO_L39P_M1A3_1,OUTPUT,LVCMOS33,1,12,,,,,LOCATED,NO,NONE,
J21,,,GND,,,,,,,,,,,,
J22,dsp_reset_n,IOB,IO_L39N_M1ODT_1,OUTPUT,LVCMOS33,1,12,,PULLDOWN,,,LOCATED,NO,NONE,
K1,mcb3_dram_a<1>,IOB,IO_L47N_M3A1_3,TRISTATE,SSTL18_II,3,,,,,,LOCATED,NO,NONE,
K2,mcb3_dram_a<0>,IOB,IO_L47P_M3A0_3,TRISTATE,SSTL18_II,3,,,,,,LOCATED,NO,NONE,
K3,mcb3_dram_ck_n,IOB,IO_L46N_M3CLKN_3,TRISTATE,DIFF_SSTL18_II,3,,,,,,LOCATED,NO,NONE,
K4,mcb3_dram_ck,IOB,IO_L46P_M3CLK_3,TRISTATE,DIFF_SSTL18_II,3,,,,,,LOCATED,NO,NONE,
K5,mcb3_dram_a<2>,IOB,IO_L49N_M3A2_3,TRISTATE,SSTL18_II,3,,,,,,LOCATED,NO,NONE,
K6,mcb3_dram_a<7>,IOB,IO_L49P_M3A7_3,TRISTATE,SSTL18_II,3,,,,,,LOCATED,NO,NONE,
K7,mcb3_rzq,IOB,IO_L57P_3,BIDIR,SSTL18_II,3,,,,NONE,,LOCATED,NO,NONE,
K8,,IOBS,IO_L57N_VREF_3,VREF Required,,3,,,,,0.90,,,,
K9,,,VCCINT,,,,,,,,1.2,,,,
K10,,,GND,,,,,,,,,,,,
K11,,,VCCINT,,,,,,,,1.2,,,,
K12,,,GND,,,,,,,,,,,,
K13,,,VCCINT,,,,,,,,1.2,,,,
K14,,,GND,,,,,,,,,,,,
K15,,,VCCAUX,,,,,,,,2.5,,,,
K16,dsp_data<0>,IOB,IO_L21N_1,BIDIR,LVCMOS33,1,12,,,NONE,,LOCATED,YES,NONE,
K17,dsp_aoe_n,IOB,IO_L36P_A9_M1BA0_1,INPUT,LVCMOS33,1,,,,NONE,,LOCATED,NO,NONE,
K18,dsp_data<1>,IOB,IO_L34N_A12_M1BA2_1,BIDIR,LVCMOS33,1,12,,,NONE,,LOCATED,YES,NONE,
K19,dsp_data<2>,IOB,IO_L34P_A13_M1WE_1,BIDIR,LVCMOS33,1,12,,,NONE,,LOCATED,YES,NONE,
K20,dsp_ams_n<3>,IOB,IO_L38P_A5_M1CLK_1,INPUT,LVCMOS33,1,,,PULLUP,NONE,,LOCATED,NO,NONE,
K21,,IOBM,IO_L41P_GCLK9_IRDY1_M1RASN_1,UNUSED,,1,,,,,,,,,
K22,dsp_ioclk,IOB,IO_L41N_GCLK8_M1CASN_1,INPUT,LVCMOS33,1,,,,NONE,,LOCATED,NO,NONE,
L1,mcb3_dram_dq<5>,IOB,IO_L41N_GCLK26_M3DQ5_3,BIDIR,SSTL18_II,3,,,,NONE,,LOCATED,NO,NONE,
L2,,,VCCO_3,,,3,,,,,1.80,,,,
L3,mcb3_dram_dq<4>,IOB,IO_L41P_GCLK27_M3DQ4_3,BIDIR,SSTL18_II,3,,,,NONE,,LOCATED,NO,NONE,
L4,mcb3_dram_a<6>,IOB,IO_L44N_GCLK20_M3A6_3,TRISTATE,SSTL18_II,3,,,,,,LOCATED,NO,NONE,
L5,,,GND,,,,,,,,,,,,
L6,mcb3_dram_odt,IOB,IO_L45N_M3ODT_3,TRISTATE,SSTL18_II,3,,,,,,LOCATED,NO,NONE,
L7,,,VCCO_3,,,3,,,,,1.80,,,,
L8,,,VCCAUX,,,,,,,,2.5,,,,
L9,,,GND,,,,,,,,,,,,
L10,,,VCCINT,,,,,,,,1.2,,,,
L11,,,GND,,,,,,,,,,,,
L12,,,VCCINT,,,,,,,,1.2,,,,
L13,,,GND,,,,,,,,,,,,
L14,,,VCCINT,,,,,,,,1.2,,,,
L15,,IOBM,IO_L21P_1,UNUSED,,1,,,,,,,,,
L16,,,VCCO_1,,,1,,,,,3.30,,,,
L17,,IOBS,IO_L36N_A8_M1BA1_1,UNUSED,,1,,,,,,,,,
L18,,,GND,,,,,,,,,,,,
L19,,IOBS,IO_L38N_A4_M1CLKN_1,UNUSED,,1,,,,,,,,,
L20,dsp_ams_n<1>,IOB,IO_L43P_GCLK5_M1DQ4_1,INPUT,LVCMOS33,1,,,PULLUP,NONE,,LOCATED,NO,NONE,
L21,,,VCCO_1,,,1,,,,,3.30,,,,
L22,dsp_addr<25>,IOB,IO_L43N_GCLK4_M1DQ5_1,INPUT,LVCMOS33,1,,,,NONE,,LOCATED,NO,NONE,
M1,mcb3_dram_dq<7>,IOB,IO_L40N_M3DQ7_3,BIDIR,SSTL18_II,3,,,,NONE,,LOCATED,NO,NONE,
M2,mcb3_dram_dq<6>,IOB,IO_L40P_M3DQ6_3,BIDIR,SSTL18_II,3,,,,NONE,,LOCATED,NO,NONE,
M3,mcb3_dram_a<5>,IOB,IO_L44P_GCLK21_M3A5_3,TRISTATE,SSTL18_II,3,,,,,,LOCATED,NO,NONE,
M4,mcb3_dram_cas_n,IOB,IO_L43N_GCLK22_IRDY2_M3CASN_3,TRISTATE,SSTL18_II,3,,,,,,LOCATED,NO,NONE,
M5,mcb3_dram_ras_n,IOB,IO_L43P_GCLK23_M3RASN_3,TRISTATE,SSTL18_II,3,,,,,,LOCATED,NO,NONE,
M6,mcb3_dram_a<3>,IOB,IO_L45P_M3A3_3,TRISTATE,SSTL18_II,3,,,,,,LOCATED,NO,NONE,
M7,,IOBM,IO_L31P_3,UNUSED,,3,,,,,,,,,
M8,,IOBS,IO_L31N_VREF_3,VREF Required,,3,,,,,0.90,,,,
M9,,,VCCINT,,,,,,,,1.2,,,,
M10,,,GND,,,,,,,,,,,,
M11,,,VCCINT,,,,,,,,1.2,,,,
M12,,,GND,,,,,,,,,,,,
M13,,,VCCINT,,,,,,,,1.2,,,,
M14,,,GND,,,,,,,,,,,,
M15,,,VCCAUX,,,,,,,,2.5,,,,
M16,dsp_addr<24>,IOB,IO_L58P_1,INPUT,LVCMOS33,1,,,,NONE,,LOCATED,NO,NONE,
M17,dsp_addr<23>,IOB,IO_L61P_1,INPUT,LVCMOS33,1,,,,NONE,,LOCATED,NO,NONE,
M18,dsp_addr<22>,IOB,IO_L61N_1,INPUT,LVCMOS33,1,,,,NONE,,LOCATED,NO,NONE,
M19,dsp_addr<21>,IOB,IO_L40N_GCLK10_M1A6_1,INPUT,LVCMOS33,1,,,,NONE,,LOCATED,NO,NONE,
M20,dsp_addr<20>,IOB,IO_L40P_GCLK11_M1A5_1,INPUT,LVCMOS33,1,,,,NONE,,LOCATED,NO,NONE,
M21,dsp_addr<19>,IOB,IO_L44P_A3_M1DQ6_1,INPUT,LVCMOS33,1,,,,NONE,,LOCATED,NO,NONE,
M22,dsp_addr<18>,IOB,IO_L44N_A2_M1DQ7_1,INPUT,LVCMOS33,1,,,,NONE,,LOCATED,NO,NONE,
N1,mcb3_dram_dqs_n,IOB,IO_L39N_M3LDQSN_3,TRISTATE,DIFF_SSTL18_II,3,,,PULLUP,,,LOCATED,NO,NONE,
N2,,,GND,,,,,,,,,,,,
N3,mcb3_dram_dqs,IOB,IO_L39P_M3LDQS_3,BIDIR,DIFF_SSTL18_II,3,,,PULLDOWN,NONE,,LOCATED,NO,NONE,
N4,mcb3_dram_dm,IOB,IO_L42N_GCLK24_M3LDM_3,TRISTATE,SSTL18_II,3,,,,,,LOCATED,NO,NONE,
N5,,,VCCO_3,,,3,,,,,1.80,,,,
N6,,IOBM,IO_L23P_3,UNUSED,,3,,,,,,,,,
N7,,IOBS,IO_L23N_3,UNUSED,,3,,,,,,,,,
N8,,,VCCAUX,,,,,,,,2.5,,,,
N9,,,GND,,,,,,,,,,,,
N10,,,VCCINT,,,,,,,,1.2,,,,
N11,,,GND,,,,,,,,,,,,
N12,,,VCCINT,,,,,,,,1.2,,,,
N13,,,GND,,,,,,,,,,,,
N14,,,VCCINT,,,,,,,,1.2,,,,
N15,,IOBS,IO_L58N_1,UNUSED,,1,,,,,,,,,
N16,dsp_addr<17>,IOB,IO_L60P_1,INPUT,LVCMOS33,1,,,,NONE,,LOCATED,NO,NONE,
N17,,,GND,,,,,,,,,,,,
N18,,,VCCO_1,,,1,,,,,3.30,,,,
N19,,IOBS,IO_L42N_GCLK6_TRDY1_M1LDM_1,UNUSED,,1,,,,,,,,,
N20,dsp_hwait,IOB,IO_L45P_A1_M1LDQS_1,INPUT,LVCMOS33,1,,,,NONE,,LOCATED,NO,NONE,
N21,,,GND,,,,,,,,,,,,
N22,dsp_addr<16>,IOB,IO_L45N_A0_M1LDQSN_1,INPUT,LVCMOS33,1,,,,NONE,,LOCATED,NO,NONE,
P1,mcb3_dram_dq<3>,IOB,IO_L38N_M3DQ3_3,BIDIR,SSTL18_II,3,,,,NONE,,LOCATED,NO,NONE,
P2,mcb3_dram_dq<2>,IOB,IO_L38P_M3DQ2_3,BIDIR,SSTL18_II,3,,,,NONE,,LOCATED,NO,NONE,
P3,mcb3_dram_udm,IOB,IO_L42P_GCLK25_TRDY2_M3UDM_3,TRISTATE,SSTL18_II,3,,,,,,LOCATED,NO,NONE,
P4,,IOBS,IO_L9N_3,UNUSED,,3,,,,,,,,,
P5,,IOBM,IO_L9P_3,UNUSED,,3,,,,,,,,,
P6,,IOBM,IO_L25P_3,UNUSED,,3,,,,,,,,,
P7,,IOBS,IO_L25N_3,UNUSED,,3,,,,,,,,,
P8,,IOBS,IO_L1N_VREF_3,VREF Required,,3,,,,,0.90,,,,
P9,,,VCCINT,,,,,,,,1.2,,,,
P10,,,GND,,,,,,,,,,,,
P11,,,VCCINT,,,,,,,,1.2,,,,
P12,,,GND,,,,,,,,,,,,
P13,,,VCCINT,,,,,,,,1.2,,,,
P14,,,GND,,,,,,,,,,,,
P15,,,NC,,,,,,,,,,,,
P16,,IOBS,IO_L60N_1,UNUSED,,1,,,,,,,,,
P17,,IOBM,IO_L71P_1,UNUSED,,1,,,,,,,,,
P18,dsp_addr<15>,IOB,IO_L71N_1,INPUT,LVCMOS33,1,,,,NONE,,LOCATED,NO,NONE,
P19,dsp_addr<14>,IOB,IO_L53P_1,INPUT,LVCMOS33,1,,,,NONE,,LOCATED,NO,NONE,
P20,dsp_addr<13>,IOB,IO_L42P_GCLK7_M1UDM_1,INPUT,LVCMOS33,1,,,,NONE,,LOCATED,NO,NONE,
P21,dsp_addr<12>,IOB,IO_L46P_FCS_B_M1DQ2_1,INPUT,LVCMOS33,1,,,,NONE,,LOCATED,NO,NONE,
P22,dsp_addr<11>,IOB,IO_L46N_FOE_B_M1DQ3_1,INPUT,LVCMOS33,1,,,,NONE,,LOCATED,NO,NONE,
R1,mcb3_dram_dq<1>,IOB,IO_L37N_M3DQ1_3,BIDIR,SSTL18_II,3,,,,NONE,,LOCATED,NO,NONE,
R2,,,VCCO_3,,,3,,,,,1.80,,,,
R3,mcb3_dram_dq<0>,IOB,IO_L37P_M3DQ0_3,BIDIR,SSTL18_II,3,,,,NONE,,LOCATED,NO,NONE,
R4,,IOBS,IO_L26N_3,UNUSED,,3,,,,,,,,,
R5,,,GND,,,,,,,,,,,,
R6,,,VCCAUX,,,,,,,,2.5,,,,
R7,mcb3_zio,IOB,IO_L1P_3,BIDIR,SSTL18_II,3,,,,NONE,,LOCATED,NO,NONE,
R8,,IOBS,IO_L59N_2,UNUSED,,2,,,,,,,,,
R9,,IOBM,IO_L59P_2,UNUSED,,2,,,,,,,,,
R10,,,VCCAUX,,,,,,,,2.5,,,,
R11,,IOBM,IO_L22P_2,UNUSED,,2,,,,,,,,,
R12,,,VCCAUX,,,,,,,,2.5,,,,
R13,,IOBM,IO_L12P_D1_MISO2_2,UNUSED,,2,,,,,,,,,
R14,,,VCCINT,,,,,,,,1.2,,,,
R15,,IOBM,IO_L70P_1,UNUSED,,1,,,,,,,,,
R16,,IOBS,IO_L70N_1,UNUSED,,1,,,,,,,,,
R17,,IOBM,IO_L72P_1,UNUSED,,1,,,,,,,,,
R18,,,GND,,,,,,,,,,,,
R19,dsp_addr<10>,IOB,IO_L53N_VREF_1,INPUT,LVCMOS33,1,,,,NONE,,LOCATED,NO,NONE,
R20,dsp_dmar1_n,IOB,IO_L47P_FWE_B_M1DQ0_1,OUTPUT,LVCMOS33,1,12,,,,,LOCATED,NO,NONE,
R21,,,VCCO_1,,,1,,,,,3.30,,,,
R22,dsp_addr<9>,IOB,IO_L47N_LDC_M1DQ1_1,INPUT,LVCMOS33,1,,,,NONE,,LOCATED,NO,NONE,
T1,mcb3_dram_dq<9>,IOB,IO_L36N_M3DQ9_3,BIDIR,SSTL18_II,3,,,,NONE,,LOCATED,NO,NONE,
T2,mcb3_dram_dq<8>,IOB,IO_L36P_M3DQ8_3,BIDIR,SSTL18_II,3,,,,NONE,,LOCATED,NO,NONE,
T3,,IOBM,IO_L26P_3,UNUSED,,3,,,,,,,,,
T4,,IOBS,IO_L24N_3,UNUSED,,3,,,,,,,,,
T5,,IOBS,IO_L7N_3,UNUSED,,3,,,,,,,,,
T6,,IOBM,IO_L7P_3,UNUSED,,3,,,,,,,,,
T7,,IOBM,IO_L64P_D8_2,UNUSED,,2,,,,,,,,,
T8,,IOBM,IO_L57P_2,UNUSED,,2,,,,,,,,,
T9,,,VCCO_2,,,2,,,,,3.30,,,,
T10,,IOBM,IO_L46P_2,UNUSED,,2,,,,,,,,,
T11,,IOBS,IO_L22N_2,UNUSED,,2,,,,,,,,,
T12,,IOBM,IO_L29P_GCLK3_2,UNUSED,,2,,,,,,,,,
T13,,,VCCO_2,,,2,,,,,3.30,,,,
T14,,IOBS,IO_L12N_D2_MISO3_2,UNUSED,,2,,,,,,,,,
T15,,IOBM,IO_L23P_2,UNUSED,,2,,,,,,,,,
T16,,,NC,,,,,,,,,,,,
T17,,IOBS,IO_L72N_1,UNUSED,,1,,,,,,,,,
T18,,IOBS,IO_L73N_1,UNUSED,,1,,,,,,,,,
T19,,IOBM,IO_L73P_1,UNUSED,,1,,,,,,,,,
T20,dsp_addr<8>,IOB,IO_L59N_1,INPUT,LVCMOS33,1,,,,NONE,,LOCATED,NO,NONE,
T21,dsp_addr<7>,IOB,IO_L48P_HDC_M1DQ8_1,INPUT,LVCMOS33,1,,,,NONE,,LOCATED,NO,NONE,
T22,dsp_addr<6>,IOB,IO_L48N_M1DQ9_1,INPUT,LVCMOS33,1,,,,NONE,,LOCATED,NO,NONE,
U1,mcb3_dram_dq<11>,IOB,IO_L35N_M3DQ11_3,BIDIR,SSTL18_II,3,,,,NONE,,LOCATED,NO,NONE,
U2,,,GND,,,,,,,,,,,,
U3,mcb3_dram_dq<10>,IOB,IO_L35P_M3DQ10_3,BIDIR,SSTL18_II,3,,,,NONE,,LOCATED,NO,NONE,
U4,,IOBM,IO_L24P_3,UNUSED,,3,,,,,,,,,
U5,,,VCCO_3,,,3,,,,,1.80,,,,
U6,ADC_OVR,IOB,IO_L64N_D9_2,INPUT,LVCMOS33,2,,,,NONE,,LOCATED,NO,NONE,
U7,,,GND,,,,,,,,,,,,
U8,,IOBS,IO_L57N_2,UNUSED,,2,,,,,,,,,
U9,,IOBM,IO_L50P_2,UNUSED,,2,,,,,,,,,
U10,,IOBS,IO_L46N_2,UNUSED,,2,,,,,,,,,
U11,,,VCCAUX,,,,,,,,2.5,,,,
U12,,IOBS,IO_L29N_GCLK2_2,UNUSED,,2,,,,,,,,,
U13,,IOBS,IO_L16N_VREF_2,UNUSED,,2,,,,,,,,,
U14,,IOBM,IO_L16P_2,UNUSED,,2,,,,,,,,,
U15,,IOBS,IO_L23N_2,UNUSED,,2,,,,,,,,,
U16,,IOBM,IO_L4P_2,UNUSED,,2,,,,,,,,,
U17,,,NC,,,,,,,,,,,,
U18,,,VCCO_1,,,1,,,,,3.30,,,,
U19,dsp_addr<5>,IOB,IO_L59P_1,INPUT,LVCMOS33,1,,,,NONE,,LOCATED,NO,NONE,
U20,dsp_addr<4>,IOB,IO_L49P_M1DQ10_1,INPUT,LVCMOS33,1,,,,NONE,,LOCATED,NO,NONE,
U21,,,GND,,,,,,,,,,,,
U22,dsp_addr<3>,IOB,IO_L49N_M1DQ11_1,INPUT,LVCMOS33,1,,,,NONE,,LOCATED,NO,NONE,
V1,mcb3_dram_udqs_n,IOB,IO_L34N_M3UDQSN_3,TRISTATE,DIFF_SSTL18_II,3,,,PULLUP,,,LOCATED,NO,NONE,
V2,mcb3_dram_udqs,IOB,IO_L34P_M3UDQS_3,BIDIR,DIFF_SSTL18_II,3,,,PULLDOWN,NONE,,LOCATED,NO,NONE,
V3,,IOBS,IO_L8N_3,UNUSED,,3,,,,,,,,,
V4,,,GND,,,,,,,,,,,,
V5,,IOBM,IO_L8P_3,UNUSED,,3,,,,,,,,,
V6,,,VCCAUX,,,,,,,,2.5,,,,
V7,ADC_DATA_IN_P<4>,IOB,IO_L58P_2,INPUT,LVDS_33,2,,,,NONE,,LOCATED,YES,DIFF_TERM,
V8,,,VCCO_2,,,2,,,,,3.30,,,,
V9,,IOBS,IO_L50N_2,UNUSED,,2,,,,,,,,,
V10,,,GND,,,,,,,,,,,,
V11,,IOBM,IO_L42P_2,UNUSED,,2,,,,,,,,,
V12,,,VCCO_2,,,2,,,,,3.30,,,,
V13,,IOBM,IO_L18P_2,UNUSED,,2,,,,,,,,,
V14,,,GND,,,,,,,,,,,,
V15,,IOBS,IO_L4N_VREF_2,UNUSED,,2,,,,,,,,,
V16,,,VCCO_2,,,2,,,,,3.30,,,,
V17,ADC_SDATA,IOB,IO_L2P_CMPCLK_2,OUTPUT,LVCMOS33,2,12,,,,,LOCATED,NO,NONE,
V18,,,CMPCS_B_2,,,,,,,,,,,,
V19,,IOBM,IO_L74P_AWAKE_1,UNUSED,,1,,,,,,,,,
V20,,IOBS,IO_L74N_DOUT_BUSY_1,UNUSED,,1,,,,,,,,,
V21,dsp_addr<2>,IOB,IO_L50P_M1UDQS_1,INPUT,LVCMOS33,1,,,,NONE,,LOCATED,NO,NONE,
V22,dsp_addr<1>,IOB,IO_L50N_M1UDQSN_1,INPUT,LVCMOS33,1,,,,NONE,,LOCATED,NO,NONE,
W1,mcb3_dram_dq<13>,IOB,IO_L33N_M3DQ13_3,BIDIR,SSTL18_II,3,,,,NONE,,LOCATED,NO,NONE,
W2,,,VCCO_3,,,3,,,,,1.80,,,,
W3,mcb3_dram_dq<12>,IOB,IO_L33P_M3DQ12_3,BIDIR,SSTL18_II,3,,,,NONE,,LOCATED,NO,NONE,
W4,,IOBM,IO_L2P_3,UNUSED,,3,,,,,,,,,
W5,,,VCCO_2,,,2,,,,,3.30,,,,
W6,ADC_DATA_IN_P<5>,IOB,IO_L60P_2,INPUT,LVDS_33,2,,,,NONE,,LOCATED,YES,DIFF_TERM,
W7,,,GND,,,,,,,,,,,,
W8,ADC_DATA_IN_N<4>,IOB,IO_L58N_2,,LVDS_33,2,,,,,,LOCATED,NO,DIFF_TERM,
W9,,IOBM,IO_L48P_D7_2,UNUSED,,2,,,,,,,,,
W10,,IOBM,IO_L44P_2,UNUSED,,2,,,,,,,,,
W11,,IOBS,IO_L42N_2,UNUSED,,2,,,,,,,,,
W12,,IOBM,IO_L40P_2,UNUSED,,2,,,,,,,,,
W13,,IOBS,IO_L18N_2,UNUSED,,2,,,,,,,,,
W14,,IOBM,IO_L20P_2,UNUSED,,2,,,,,,,,,
W15,,IOBS,IO_L17N_2,UNUSED,,2,,,,,,,,,
W16,,,GND,,,,,,,,,,,,
W17,ADC_SCLK,IOB,IO_L5P_2,OUTPUT,LVCMOS33,2,12,,,,,LOCATED,NO,NONE,
W18,PGA_DATA_out<1>,IOB,IO_L2N_CMPMOSI_2,OUTPUT,LVCMOS33,2,12,,,,,LOCATED,NO,NONE,
W19,,,GND,,,,,,,,,,,,
W20,dsp_bmode<3>,IOB,IO_L51P_M1DQ12_1,OUTPUT,LVCMOS33,1,12,,,,,LOCATED,NO,NONE,
W21,,,VCCO_1,,,1,,,,,3.30,,,,
W22,dsp_bmode<2>,IOB,IO_L51N_M1DQ13_1,OUTPUT,LVCMOS33,1,12,,,,,LOCATED,NO,NONE,
Y1,mcb3_dram_dq<15>,IOB,IO_L32N_M3DQ15_3,BIDIR,SSTL18_II,3,,,,NONE,,LOCATED,NO,NONE,
Y2,mcb3_dram_dq<14>,IOB,IO_L32P_M3DQ14_3,BIDIR,SSTL18_II,3,,,,NONE,,LOCATED,NO,NONE,
Y3,,IOBS,IO_L2N_3,UNUSED,,3,,,,,,,,,
Y4,,IOBM,IO_L65P_INIT_B_2,UNUSED,,2,,,,,,,,,
Y5,,IOBM,IO_L62P_D5_2,UNUSED,,2,,,,,,,,,
Y6,ADC_DATA_IN_N<5>,IOB,IO_L60N_2,,LVDS_33,2,,,,,,LOCATED,NO,DIFF_TERM,
Y7,ADC_DATA_IN_P<3>,IOB,IO_L47P_2,INPUT,LVDS_33,2,,,,NONE,,LOCATED,YES,DIFF_TERM,
Y8,,IOBS,IO_L48N_RDWR_B_VREF_2,UNUSED,,2,,,,,,,,,
Y9,,IOBM,IO_L43P_2,UNUSED,,2,,,,,,,,,
Y10,,IOBS,IO_L44N_2,UNUSED,,2,,,,,,,,,
Y11,ADC_CLK_IN_P,IOB,IO_L32P_GCLK29_2,INPUT,LVDS_33,2,,,,NONE,,LOCATED,NO,DIFF_TERM,
Y12,,IOBS,IO_L40N_2,UNUSED,,2,,,,,,,,,
Y13,,IOBM,IO_L30P_GCLK1_D13_2,UNUSED,,2,,,,,,,,,
Y14,,IOBS,IO_L20N_2,UNUSED,,2,,,,,,,,,
Y15,,IOBM,IO_L21P_2,UNUSED,,2,,,,,,,,,
Y16,,IOBM,IO_L17P_2,UNUSED,,2,,,,,,,,,
Y17,ADC_SEN,IOB,IO_L15P_2,OUTPUT,LVCMOS33,2,12,,,,,LOCATED,NO,NONE,
Y18,PGA_DATA_out<2>,IOB,IO_L5N_2,OUTPUT,LVCMOS33,2,12,,,,,LOCATED,NO,NONE,
Y19,,IOBM,IO_L13P_M1_2,UNUSED,,2,,,,,,,,,
Y20,,IOBM,IO_L1P_CCLK_2,UNUSED,,2,,,,,,,,,
Y21,dsp_bmode<1>,IOB,IO_L52P_M1DQ14_1,OUTPUT,LVCMOS33,1,12,,,,,LOCATED,NO,NONE,
Y22,dsp_bmode<0>,IOB,IO_L52N_M1DQ15_1,OUTPUT,LVCMOS33,1,12,,,,,LOCATED,NO,NONE,

# -----,-----,-----,-----,-----,-----,-----,-----,-----,-----,-----,-----,-----,-----,-----,
# 
#* Default value.
#** This default Pullup/Pulldown value can be overridden in Bitgen. 
#****** Special VCCO requirements may apply. Please consult the device 
#       family datasheet for specific guideline on VCCO requirements. 
#
#GT NOTE: In order to insure a successful multi-gigabit transceiver design, 
#please review the Xilinx RocketIO Transceiver User Guide, UG024. The user guide 
#contains detailed information on digital and analog design considerations, 
#including board level design guidelines to facilitate your system design. 
#The user guide is available on the Xilinx website, http://www.xilinx.com, 
#in the Documentation category under the Products and Services heading. 
#
#