Name,Type,Page,Page Number,Schematic,PartPin,LocationX,LocationY,Zone,IREF
"PGOOD_1V2","OffPage","PAGE2-FPGAmain","2","SCHEMATIC1","R66.1","490","1120","4B","4"
"PGOOD_1V2","OffPage","PAGE4-ANALOG","4","SCHEMATIC1","R55.1,U8.4","80","1190","5B","2"
"PGOOD_1V8","OffPage","PAGE2-FPGAmain","2","SCHEMATIC1","R65.1","490","1100","4B","4"
"PGOOD_1V8","OffPage","PAGE4-ANALOG","4","SCHEMATIC1","R58.1,U11.4","790","1180","4B","2"
"MEMVREF","OffPage","PAGE4-ANALOG","4","SCHEMATIC1","C184.2,U7.6","2150","1360","1A","2,5"
"MEMVREF","OffPage","PAGE2-FPGAmain","2","SCHEMATIC1","R115.","1640","210","2D","4,5"
"MEMVREF","OffPage","PAGE5-MEMORY","5","SCHEMATIC1","C235.2,U6.J2","1440","720","2C","2,4"
